{
  "logistic_regression": {
    "validation": {
      "precision": {
        "team_a_loss": 0.5392599277978339,
        "draw": 0.3072289156626506,
        "team_a_win": 0.7012383900928792
      },
      "recall": {
        "team_a_loss": 0.5623529411764706,
        "draw": 0.35152211372774267,
        "team_a_win": 0.6340985442329228
      },
      "f1": {
        "team_a_loss": 0.5505643860861552,
        "draw": 0.327886418430217,
        "team_a_win": 0.6659805939429579
      },
      "support": {
        "team_a_loss": 2125,
        "draw": 1741,
        "team_a_win": 3572
      },
      "macro_f1": 0.51481046615311,
      "weighted_f1": 0.5538696230820561,
      "balanced_accuracy": 0.5159911997123787,
      "accuracy": 0.5474589943533208
    },
    "test": {
      "precision": {
        "team_a_loss": 0.5830357142857143,
        "draw": 0.2943305186972256,
        "team_a_win": 0.7017791584298221
      },
      "recall": {
        "team_a_loss": 0.6021207929921623,
        "draw": 0.2865531415149736,
        "team_a_win": 0.696663863190356
      },
      "f1": {
        "team_a_loss": 0.5924245860739397,
        "draw": 0.29038976495090746,
        "team_a_win": 0.6992121553179516
      },
      "support": {
        "team_a_loss": 2169,
        "draw": 1703,
        "team_a_win": 3567
      },
      "macro_f1": 0.5273421687809329,
      "weighted_f1": 0.5744848037269664,
      "balanced_accuracy": 0.5284459325658306,
      "accuracy": 0.575211722005646
    }
  },
  "xgboost": {
    "validation": {
      "precision": {
        "team_a_loss": 0.5452528837622005,
        "draw": 0.3333333333333333,
        "team_a_win": 0.601364522417154
      },
      "recall": {
        "team_a_loss": 0.5783529411764706,
        "draw": 0.010338885697874785,
        "team_a_win": 0.8636618141097424
      },
      "f1": {
        "team_a_loss": 0.5613153688056634,
        "draw": 0.020055710306406686,
        "team_a_win": 0.7090324063433694
      },
      "support": {
        "team_a_loss": 2125,
        "draw": 1741,
        "team_a_win": 3572
      },
      "macro_f1": 0.4301344951518131,
      "weighted_f1": 0.5055627730322673,
      "balanced_accuracy": 0.48411788032802927,
      "accuracy": 0.5824146275880613
    },
    "test": {
      "precision": {
        "team_a_loss": 0.5894596988485385,
        "draw": 0.45652173913043476,
        "team_a_win": 0.6167478091528724
      },
      "recall": {
        "team_a_loss": 0.6136468418626095,
        "draw": 0.012331180270111567,
        "team_a_win": 0.887860947574993
      },
      "f1": {
        "team_a_loss": 0.6013101423085611,
        "draw": 0.024013722126929673,
        "team_a_win": 0.7278786485865318
      },
      "support": {
        "team_a_loss": 2169,
        "draw": 1703,
        "team_a_win": 3567
      },
      "macro_f1": 0.4510675043406742,
      "weighted_f1": 0.5298400600830204,
      "balanced_accuracy": 0.5046129899025714,
      "accuracy": 0.6074741228659766
    }
  }
}