{
  "models": {
    "logistic_regression": {
      "validation": {
        "accuracy": 0.5474589943533208,
        "balanced_accuracy": 0.5159911997123787,
        "macro_f1": 0.51481046615311,
        "weighted_f1": 0.5538696230820561,
        "log_loss": 0.9324649810803859,
        "brier_score": 0.5523639204952139,
        "precision": {
          "team_a_loss": 0.5392599277978339,
          "draw": 0.3072289156626506,
          "team_a_win": 0.7012383900928792
        },
        "recall": {
          "team_a_loss": 0.5623529411764706,
          "draw": 0.35152211372774267,
          "team_a_win": 0.6340985442329228
        },
        "f1": {
          "team_a_loss": 0.5505643860861552,
          "draw": 0.327886418430217,
          "team_a_win": 0.6659805939429579
        },
        "support": {
          "team_a_loss": 2125,
          "draw": 1741,
          "team_a_win": 3572
        },
        "actual_distribution": {
          "team_a_loss": 2125,
          "draw": 1741,
          "team_a_win": 3572
        },
        "predicted_distribution": {
          "team_a_loss": 2216,
          "draw": 1992,
          "team_a_win": 3230
        },
        "confusion_matrix": [
          [
            1195,
            565,
            365
          ],
          [
            529,
            612,
            600
          ],
          [
            492,
            815,
            2265
          ]
        ],
        "ece": 0.039297686512629916
      },
      "test": {
        "accuracy": 0.575211722005646,
        "balanced_accuracy": 0.5284459325658306,
        "macro_f1": 0.5273421687809329,
        "weighted_f1": 0.5744848037269664,
        "log_loss": 0.8871731430926179,
        "brier_score": 0.5240698896507087,
        "precision": {
          "team_a_loss": 0.5830357142857143,
          "draw": 0.2943305186972256,
          "team_a_win": 0.7017791584298221
        },
        "recall": {
          "team_a_loss": 0.6021207929921623,
          "draw": 0.2865531415149736,
          "team_a_win": 0.696663863190356
        },
        "f1": {
          "team_a_loss": 0.5924245860739397,
          "draw": 0.29038976495090746,
          "team_a_win": 0.6992121553179516
        },
        "support": {
          "team_a_loss": 2169,
          "draw": 1703,
          "team_a_win": 3567
        },
        "actual_distribution": {
          "team_a_loss": 2169,
          "draw": 1703,
          "team_a_win": 3567
        },
        "predicted_distribution": {
          "team_a_loss": 2240,
          "draw": 1658,
          "team_a_win": 3541
        },
        "confusion_matrix": [
          [
            1306,
            494,
            369
          ],
          [
            528,
            488,
            687
          ],
          [
            406,
            676,
            2485
          ]
        ],
        "ece": 0.04630198706519835,
        "confidence_bands": [
          {
            "band": "0.33-0.40",
            "support": 1108,
            "accuracy": 0.36732851985559567,
            "mean_confidence": 0.37771082534996087
          },
          {
            "band": "0.40-0.50",
            "support": 2687,
            "accuracy": 0.42612579084480834,
            "mean_confidence": 0.44463709589596273
          },
          {
            "band": "0.50-0.60",
            "support": 1331,
            "accuracy": 0.6175807663410969,
            "mean_confidence": 0.5470202955708773
          },
          {
            "band": "0.60-0.70",
            "support": 949,
            "accuracy": 0.7397260273972602,
            "mean_confidence": 0.6478629951713429
          },
          {
            "band": "0.70-0.80",
            "support": 719,
            "accuracy": 0.8303198887343533,
            "mean_confidence": 0.7444468448069801
          },
          {
            "band": "0.80-1.00",
            "support": 645,
            "accuracy": 0.9395348837209302,
            "mean_confidence": 0.8769607940209878
          }
        ]
      }
    },
    "xgboost": {
      "validation": {
        "accuracy": 0.5824146275880613,
        "balanced_accuracy": 0.48411788032802927,
        "macro_f1": 0.4301344951518131,
        "weighted_f1": 0.5055627730322673,
        "log_loss": 0.897823061908177,
        "brier_score": 0.529260769097607,
        "precision": {
          "team_a_loss": 0.5452528837622005,
          "draw": 0.3333333333333333,
          "team_a_win": 0.601364522417154
        },
        "recall": {
          "team_a_loss": 0.5783529411764706,
          "draw": 0.010338885697874785,
          "team_a_win": 0.8636618141097424
        },
        "f1": {
          "team_a_loss": 0.5613153688056634,
          "draw": 0.020055710306406686,
          "team_a_win": 0.7090324063433694
        },
        "support": {
          "team_a_loss": 2125,
          "draw": 1741,
          "team_a_win": 3572
        },
        "actual_distribution": {
          "team_a_loss": 2125,
          "draw": 1741,
          "team_a_win": 3572
        },
        "predicted_distribution": {
          "team_a_loss": 2254,
          "draw": 54,
          "team_a_win": 5130
        },
        "confusion_matrix": [
          [
            1229,
            22,
            874
          ],
          [
            552,
            18,
            1171
          ],
          [
            473,
            14,
            3085
          ]
        ],
        "ece": 0.008744145789669422
      },
      "test": {
        "accuracy": 0.6074741228659766,
        "balanced_accuracy": 0.5046129899025714,
        "macro_f1": 0.4510675043406742,
        "weighted_f1": 0.5298400600830204,
        "log_loss": 0.8607220399132883,
        "brier_score": 0.5055903524650359,
        "precision": {
          "team_a_loss": 0.5894596988485385,
          "draw": 0.45652173913043476,
          "team_a_win": 0.6167478091528724
        },
        "recall": {
          "team_a_loss": 0.6136468418626095,
          "draw": 0.012331180270111567,
          "team_a_win": 0.887860947574993
        },
        "f1": {
          "team_a_loss": 0.6013101423085611,
          "draw": 0.024013722126929673,
          "team_a_win": 0.7278786485865318
        },
        "support": {
          "team_a_loss": 2169,
          "draw": 1703,
          "team_a_win": 3567
        },
        "actual_distribution": {
          "team_a_loss": 2169,
          "draw": 1703,
          "team_a_win": 3567
        },
        "predicted_distribution": {
          "team_a_loss": 2258,
          "draw": 46,
          "team_a_win": 5135
        },
        "confusion_matrix": [
          [
            1331,
            14,
            824
          ],
          [
            538,
            21,
            1144
          ],
          [
            389,
            11,
            3167
          ]
        ],
        "ece": 0.005348774672213715,
        "confidence_bands": [
          {
            "band": "0.33-0.40",
            "support": 729,
            "accuracy": 0.37585733882030176,
            "mean_confidence": 0.37406230119044903
          },
          {
            "band": "0.40-0.50",
            "support": 1700,
            "accuracy": 0.43529411764705883,
            "mean_confidence": 0.4500933936691598
          },
          {
            "band": "0.50-0.60",
            "support": 1490,
            "accuracy": 0.5442953020134228,
            "mean_confidence": 0.5476715503723144
          },
          {
            "band": "0.60-0.70",
            "support": 1189,
            "accuracy": 0.6492851135407905,
            "mean_confidence": 0.6482966869461159
          },
          {
            "band": "0.70-0.80",
            "support": 993,
            "accuracy": 0.7502517623363545,
            "mean_confidence": 0.7487098642861243
          },
          {
            "band": "0.80-1.00",
            "support": 1338,
            "accuracy": 0.8796711509715994,